ID,nom,email,age,telephone
C001,Durand,jdurand@gmail.com,,0612345678
C002,Martin,,29,0745896312
C003,Lefevre,slefevre@outlook.fr,120,0698745123
C004,Bernard,p.bernard@yahoo.fr,-5,0632145897
C005,Robert,m.robert@gmail.com,33,065214789
C006,Petit,j.petit@hotmail.com,200,+33698745213
C007,Dubois,a.dubois@gmail.com,52,0678912345
C008,Moreau,,,
C009,Simon,t.simon@gmail.com,0,0699887766
C010,Laurent,c.laurent@outlook.com,67,0655443322
C011,Michel,e.michel@gmail.com,88,065544332
C012,Garcia,r.garcia@yahoo.com,41,0622334455
C013,David,f.david@gmail.com,340,0633445566
C014,Bertrand,n.bertrandgmail.com,25,0644556677
C015,Roux,h.roux@gmail.com,58,0611998877
C016,Vincent,s.vincent@outlook.fr,-12,0622889977
C017,Fournier,g.fournier@gmail.com,37,0633667788
C018,Morel,d.morel@yahoo.fr,15,065544998
C019,Girard,y.girard@gmail.com,72,+33712345678
C020,Andre,b.andre@gmail.com,29,0655223344
C021,Mercier,k.mercier@hotmail.fr,90,0666778899
C022,Blanc,v.blancemail.fr,44,0677889900
C023,Guerin,o.guerin@gmail.com,61,0688990011
C024,Boyer,w.boyer@outlook.com,150,0699001122
C025,Rousseau,z.rousseau@gmail.com,28,061122334
C026,Fontaine,j.fontaine@yahoo.com,53,0622113344
C027,Chevalier,q.chevaliergmail.com,34,0633114455
C028,Robin,i.robin@gmail.com,-3,0644115566
C029,Masson,u.masson@gmail.com,49,0655116677
C030,Sanchez,x.sanchez@outlook.fr,22,+33622117788
C031,Petris,petrismarvingmail.com,-1,+33633339231